Nombres;Apellidos;Telefonos;Direcciones;Extra
Sebastian;Chavez;123456789;Calle 7 # 5-02;Na
Sebastian;Chavez;123456789;Calle 7 # 5-03;Na
Sebastian;Chavez;123456789;Calle 7 # 5-04;Na
Sebastian;Chavez;123456789;Calle 7 # 5-05;Na
Sebastian;Chavez;123456789;Calle 7 # 5-06;Na
Sebastian;Chavez;123456789;Calle 7 # 5-07;Na
Sebastian;Chavez;123456789;Calle 7 # 5-08;Na
Sebastian;Chavez;123456789;Calle 7 # 5-09;Na
Sebastian;Chavez;123456789;Calle 7 # 5-10;Na
Sebastian;Chavez;123456789;Calle 7 # 5-11;Na
Sebastian;Chavez;123456789;Calle 7 # 5-12;Na
Sebastian;Chavez;123456789;Calle 7 # 5-13;Na
Sebastian;Chavez;123456789;Calle 7 # 5-14;Na
Sebastian;Chavez;123456789;Calle 7 # 5-15;Na
Sebastian;Chavez;123456789;Calle 7 # 5-16;Na
Sebastian;Chavez;123456789;Calle 7 # 5-17;Na
